step,avg_raw_r1,avg_raw_r2,avg_tdma,avg_aloha,collisions_last_win,energy_efficiency
500,0.8672032193158954,0.8611670020120724,0.89738430583501,0.28169014084507044,97,8.76530612244898
1000,0.87,0.86,0.886,0.236,102,8.398058252427184
