step,avg_raw_r1,avg_raw_r2,avg_tdma,avg_aloha,collisions_last_win,energy_efficiency
500,0.8732394366197183,0.8571428571428571,0.8893360160965795,0.2796780684104628,96,8.8659793814433
1000,0.876,0.864,0.89,0.232,99,8.7
